
INSERT INTO user VALUES ("sportslover", "Paul", "Walker", "39ssapluap", "sportslover@hotmail.com");
INSERT INTO user VALUES ("traveler", "Rebecca", "Travolta", "51ssapacceber", "rebt@explorer.org");
INSERT INTO user VALUES ("spacejunkie", "Bob", "Spacey", "ssap1bob", "bspace@spacejunkies.net");

INSERT INTO album VALUES (1, "I love sports", "2001-02-02", "2001-02-02", "sportslover", "public");
INSERT INTO album VALUES (2, "I love football", "2001-02-02", "2001-02-02", "sportslover", "public");
INSERT INTO album VALUES (3, "Around The World", "2001-02-02", "2001-02-02", "traveler", "public");
INSERT INTO album VALUES (4, "Cool Space Shots", "2001-02-02", "2001-02-02", "spacejunkie", "private");

INSERT INTO albumaccess VALUES (4, "traveler");

INSERT INTO photo VALUES ("football_s1", "/pictures/football_s1.jpg", "jpg", "2001-02-02");
INSERT INTO contain VALUES (2, "football_s1", "football_s1", 0);
INSERT INTO photo VALUES ("football_s2", "/pictures/football_s2.jpg", "jpg", "2001-02-02");
INSERT INTO contain VALUES (2, "football_s2", "football_s2", 1);
INSERT INTO photo VALUES ("football_s3", "/pictures/football_s3.jpg", "jpg", "2001-02-02");
INSERT INTO contain VALUES (2, "football_s3", "football_s3", 2);
INSERT INTO photo VALUES ("football_s4", "/pictures/football_s4.jpg", "jpg", "2001-02-02");
INSERT INTO contain VALUES (2, "football_s4", "football_s4", 3);
INSERT INTO photo VALUES ("space_EagleNebula", "/pictures/space_EagleNebula.jpg", "jpg", "2001-02-02");
INSERT INTO contain VALUES (4, "space_EagleNebula", "space_EagleNebula", 4);
INSERT INTO photo VALUES ("space_GalaxyCollision", "/pictures/space_GalaxyCollision.jpg", "jpg", "2001-02-02");
INSERT INTO contain VALUES (4, "space_GalaxyCollision", "space_GalaxyCollision", 5);
INSERT INTO photo VALUES ("space_HelixNebula", "/pictures/space_HelixNebula.jpg", "jpg", "2001-02-02");
INSERT INTO contain VALUES (4, "space_HelixNebula", "space_HelixNebula", 6);
INSERT INTO photo VALUES ("space_MilkyWay", "/pictures/space_MilkyWay.jpg", "jpg", "2001-02-02");
INSERT INTO contain VALUES (4, "space_MilkyWay", "space_MilkyWay", 7);
INSERT INTO photo VALUES ("space_OrionNebula", "/pictures/space_OrionNebula.jpg", "jpg", "2001-02-02");
INSERT INTO contain VALUES (4, "space_OrionNebula", "space_OrionNebula", 8);
INSERT INTO photo VALUES ("sports_s1", "/pictures/sports_s1.jpg", "jpg", "2001-02-02");
INSERT INTO contain VALUES (1, "sports_s1", "sports_s1", 9);
INSERT INTO photo VALUES ("sports_s2", "/pictures/sports_s2.jpg", "jpg", "2001-02-02");
INSERT INTO contain VALUES (1, "sports_s2", "sports_s2", 10);
INSERT INTO photo VALUES ("sports_s3", "/pictures/sports_s3.jpg", "jpg", "2001-02-02");
INSERT INTO contain VALUES (1, "sports_s3", "sports_s3", 11);
INSERT INTO photo VALUES ("sports_s4", "/pictures/sports_s4.jpg", "jpg", "2001-02-02");
INSERT INTO contain VALUES (1, "sports_s4", "sports_s4", 12);
INSERT INTO photo VALUES ("sports_s5", "/pictures/sports_s5.jpg", "jpg", "2001-02-02");
INSERT INTO contain VALUES (1, "sports_s5", "sports_s5", 13);
INSERT INTO photo VALUES ("sports_s6", "/pictures/sports_s6.jpg", "jpg", "2001-02-02");
INSERT INTO contain VALUES (1, "sports_s6", "sports_s6", 14);
INSERT INTO photo VALUES ("sports_s7", "/pictures/sports_s7.jpg", "jpg", "2001-02-02");
INSERT INTO contain VALUES (1, "sports_s7", "sports_s7", 15);
INSERT INTO photo VALUES ("sports_s8", "/pictures/sports_s8.jpg", "jpg", "2001-02-02");
INSERT INTO contain VALUES (1, "sports_s8", "sports_s8", 16);
INSERT INTO photo VALUES ("world_EiffelTower", "/pictures/world_EiffelTower.jpg", "jpg", "2001-02-02");
INSERT INTO contain VALUES (3, "world_EiffelTower", "world_EiffelTower", 17);
INSERT INTO photo VALUES ("world_firenze", "/pictures/world_firenze.jpg", "jpg", "2001-02-02");
INSERT INTO contain VALUES (3, "world_firenze", "world_firenze", 18);
INSERT INTO photo VALUES ("world_GreatWall", "/pictures/world_GreatWall.jpg", "jpg", "2001-02-02");
INSERT INTO contain VALUES (3, "world_GreatWall", "world_GreatWall", 19);
INSERT INTO photo VALUES ("world_Isfahan", "/pictures/world_Isfahan.jpg", "jpg", "2001-02-02");
INSERT INTO contain VALUES (3, "world_Isfahan", "world_Isfahan", 20);
INSERT INTO photo VALUES ("world_Istanbul", "/pictures/world_Istanbul.jpg", "jpg", "2001-02-02");
INSERT INTO contain VALUES (3, "world_Istanbul", "world_Istanbul", 21);
INSERT INTO photo VALUES ("world_Persepolis", "/pictures/world_Persepolis.jpg", "jpg", "2001-02-02");
INSERT INTO contain VALUES (3, "world_Persepolis", "world_Persepolis", 22);
INSERT INTO photo VALUES ("world_Reykjavik", "/pictures/world_Reykjavik.jpg", "jpg", "2001-02-02");
INSERT INTO contain VALUES (3, "world_Reykjavik", "world_Reykjavik", 23);
INSERT INTO photo VALUES ("world_Seoul", "/pictures/world_Seoul.jpg", "jpg", "2001-02-02");
INSERT INTO contain VALUES (3, "world_Seoul", "world_Seoul", 24);
INSERT INTO photo VALUES ("world_Stonehenge", "/pictures/world_Stonehenge.jpg", "jpg", "2001-02-02");
INSERT INTO contain VALUES (3, "world_Stonehenge", "world_Stonehenge", 25);
INSERT INTO photo VALUES ("world_TajMahal", "/pictures/world_TajMahal.jpg", "jpg", "2001-02-02");
INSERT INTO contain VALUES (3, "world_TajMahal", "world_TajMahal", 26);
INSERT INTO photo VALUES ("world_TelAviv", "/pictures/world_TelAviv.jpg", "jpg", "2001-02-02");
INSERT INTO contain VALUES (3, "world_TelAviv", "world_TelAviv", 27);
INSERT INTO photo VALUES ("world_tokyo", "/pictures/world_tokyo.jpg", "jpg", "2001-02-02");
INSERT INTO contain VALUES (3, "world_tokyo", "world_tokyo", 28);
INSERT INTO photo VALUES ("world_WashingtonDC", "/pictures/world_WashingtonDC.jpg", "jpg", "2001-02-02");
INSERT INTO contain VALUES (3, "world_WashingtonDC", "world_WashingtonDC", 29);
